382;"fl.controls.UIScrollBar"
383;"fl.controls.TextArea"
350;"TextArea_upSkin"
348;"TextArea_disabledSkin"
346;"qpjThunder"
333;"qpjThunder_box"
332;"PetLevelUpMc"
331;"RoleLevelUpMc"
302;"beattacktimes"
298;"Main_fla.Timeline_98"
280;"export.muti.RoomCreatedInfo"
277;"export.LoadingBar2"
276;"Main_fla.Timeline_88"
257;"export.LoadingBar"
247;"export.FallDownWhenStandingWall"
246;"Main_fla.Timeline_62"
245;"Main_fla.Timeline_63"
198;"export.mapObject.WoodThron2"
197;"export.mapObject.WoodThron3"
196;"export.mapObject.WoodThron1"
192;"Main_fla.Timeline_57"
181;"export.mapObject.FireThron"
162;"export.mapObject.IceThron"
158;"Main_fla.Timeline_47"
157;"Main_fla.Timeline_50"
146;"export.ThroughUpButDownWall"
144;"bgClips"
143;"export.FloorBg"
142;"export.GameInfo"
122;"export.bullet.ThroughWallBullet"
121;"export.ObsWall"
120;"export.ThroughWall"
118;"ViewMask"
102;"base.MonsterAppearPoint"
98;"export.StopPoint"
95;"waitForBitmapDataRegister"
92;"my.Gmzb"
91;"fl.controls.ComboBox"
90;"fl.controls.List"
89;"fl.controls.ScrollBar"
88;"ScrollBar_thumbIcon"
86;"ScrollArrowUp_disabledSkin"
85;"ScrollArrowDown_disabledSkin"
83;"ScrollArrowDown_upSkin"
82;"ScrollThumb_upSkin"
80;"ScrollArrowUp_upSkin"
78;"ScrollArrowUp_overSkin"
76;"ScrollThumb_overSkin"
74;"ScrollArrowDown_overSkin"
72;"ScrollThumb_downSkin"
70;"ScrollArrowDown_downSkin"
68;"ScrollArrowUp_downSkin"
64;"ScrollTrack_skin"
62;"fl.controls.listClasses.CellRenderer"
61;"CellRenderer_selectedUpSkin"
59;"CellRenderer_selectedOverSkin"
57;"CellRenderer_selectedDownSkin"
55;"CellRenderer_selectedDisabledSkin"
53;"CellRenderer_overSkin"
51;"CellRenderer_downSkin"
49;"CellRenderer_disabledSkin"
47;"CellRenderer_upSkin"
45;"List_skin"
43;"ComboBox_downSkin"
41;"ComboBox_overSkin"
39;"ComboBox_disabledSkin"
37;"ComboBox_upSkin"
35;"fl.controls.TextInput"
34;"TextInput_upSkin"
32;"TextInput_disabledSkin"
30;"my.gm"
29;"fl.controls.Button"
28;"focusRectSkin"
26;"Button_upSkin"
24;"Button_selectedUpSkin"
22;"Button_selectedOverSkin"
20;"Button_selectedDownSkin"
18;"Button_selectedDisabledSkin"
16;"Button_overSkin"
14;"Button_emphasizedSkin"
12;"Button_downSkin"
10;"Button_disabledSkin"
8;"fl.core.ComponentShim"
4;"score_cw_yuetu"
3;"fbqpj"
2;"qpjy"
1;"fall_qpjy"
0;"GMain"
